{
    "x": -0.024506546193008516,
    "y": -0.44460959566108565,
    "z": 0.20578934693601036
}